"team_id","league_id","abbr","team_concat","name","location","conf","div","lat","lon","weather","region_lat","region_lon","source_team_id"
11301,1,ATL,NBA_ATL,Atlanta Hawks,"Atlanta, GA",East,Southeast,33.757200,-84.396400,0,33.772600,-84.392900,
11101,1,BOS,NBA_BOS,Boston Celtics,"Boston, MA",East,Atlantic,42.366300,-71.062202,0,42.346200,-71.097700,
11102,1,BYN,NBA_BYN,Brooklyn Nets,"New York, NY",East,Atlantic,40.682700,-73.974701,0,40.722000,-74.010700,
11302,1,CHA,NBA_CHA,Charlotte Hornets,"Charlotte, NC",East,Southeast,35.225000,-80.839203,0,35.225000,-80.839200,
11201,1,CHI,NBA_CHI,Chicago Bulls,"Chicago, IL",East,Central,41.880600,-87.674202,0,41.880600,-87.674200,
11202,1,CLE,NBA_CLE,Cleveland Cavaliers,"Cleveland, OH",East,Central,41.496400,-81.688103,0,41.496400,-81.688100,
12601,1,DAL,NBA_DAL,Dallas Mavericks,"Dallas, TX",West,Southwest,32.790600,-96.810303,0,32.837700,-96.782700,
12401,1,DEN,NBA_DEN,Denver Nuggets,"Denver, CO",West,Northwest,39.748600,-105.007004,0,39.443800,-105.112000,
11203,1,DET,NBA_DET,Detroit Pistons,"Detroit, MI",East,Central,42.341100,-83.055000,0,42.339200,-83.048600,
12501,1,GSW,NBA_GSW,Golden State Warriors,"San Francisco, CA",West,Pacific,37.768100,-122.387001,0,37.778600,-122.389000,
12602,1,HOU,NBA_HOU,Houston Rockets,"Houston, TX",West,Southwest,29.750800,-95.362198,0,29.716200,-95.409300,
11204,1,IND,NBA_IND,Indiana Pacers,"Indianapolis, IN",East,Central,39.763900,-86.155602,0,39.763900,-86.155600,
12502,1,LAC,NBA_LAC,Los Angeles Clippers,"Inglewood, CA",West,Pacific,33.945100,-118.343002,0,34.073600,-118.240000,
12503,1,LAL,NBA_LAL,Los Angeles Lakers,"Los Angeles, CA",West,Pacific,34.043100,-118.266998,0,34.073600,-118.240000,
12603,1,MEM,NBA_MEM,Memphis Grizzlies,"Memphis, TN",West,Southwest,35.138300,-90.050598,0,35.120900,-89.978100,
11303,1,MIA,NBA_MIA,Miami Heat,"Miami, FL",East,Southeast,25.781400,-80.188103,0,25.752500,-80.188100,
11205,1,MIL,NBA_MIL,Milwaukee Bucks,"Milwaukee, WI",East,Central,43.043600,-87.916901,0,43.043600,-87.916900,
12402,1,MIN,NBA_MIN,Minnesota Timberwolves,"Minneapolis, MN",West,Northwest,44.979400,-93.276100,0,44.981700,-93.278300,
12604,1,NOP,NBA_NOP,New Orleans Pelicans,"New Orleans, LA",West,Southwest,29.948900,-90.081902,0,29.573000,-90.452000,
11103,1,NYK,NBA_NYK,New York Knicks,"New York, NY",East,Atlantic,40.750600,-73.993599,0,40.722000,-74.010700,
12403,1,OKC,NBA_OKC,Oklahoma City Thunder,"Oklahoma City, OK",West,Northwest,35.463300,-97.514999,0,35.205900,-97.442600,
11304,1,ORL,NBA_ORL,Orlando Magic,"Orlando, FL",East,Southeast,28.539200,-81.383598,0,28.608000,-81.193000,
11104,1,PHI,NBA_PHI,Philadelphia 76ers,"Philadelphia, PA",East,Atlantic,39.901100,-75.171898,0,39.905800,-75.166400,
12504,1,PHX,NBA_PHX,Phoenix Suns,"Phoenix, AZ",West,Pacific,33.445800,-112.070999,0,33.445300,-112.067000,
12404,1,POR,NBA_POR,Portland Trail Blazers,"Portland, OR",West,Northwest,45.531700,-122.667000,0,45.531700,-122.667000,
12505,1,SAC,NBA_SAC,Sacramento Kings,"Sacramento, CA",West,Pacific,38.649200,-121.517998,0,38.649200,-121.518000,
12605,1,SAN,NBA_SAN,San Antonio Spurs,"San Antonio, TX",West,Southwest,29.426900,-98.437500,0,29.416900,-98.478900,
11105,1,TOR,NBA_TOR,Toronto Raptors,"Toronto, ON",East,Atlantic,43.643300,-79.379204,0,43.641400,-79.389200,
12405,1,UTA,NBA_UTA,Utah Jazz,"Salt Lake City, UT",West,Northwest,40.768300,-111.901001,0,40.759900,-111.849000,
11305,1,WAS,NBA_WAS,Washington Wizards,"Washington, DC",East,Southeast,38.898100,-77.020798,0,38.872800,-77.007500,
22801,2,ARI,NFL_ARI,Arizona Cardinals,"Glendale, AZ",NFC,West,33.528000,-112.263000,0,33.445300,-112.067000,22
22701,2,ATL,NFL_ATL,Atlanta Falcons,"Atlanta, GA",NFC,South,33.452000,-84.239998,0,33.772600,-84.392900,1
21201,2,BAL,NFL_BAL,Baltimore Ravens,"Baltimore, MD",AFC,North,39.164000,-76.372200,1,38.872800,-77.007500,33
21202,2,CIN,NFL_CIN,Cincinnati Bengals,"Cincinnati, OH",AFC,North,39.095000,-84.515999,1,39.095000,-84.516000,4
21101,2,BUF,NFL_BUF,Buffalo Bills,"Orchard Park, NY",AFC,East,42.774000,-78.787003,1,42.774000,-78.787000,2
22702,2,CAR,NFL_CAR,Carolina Panthers,"Charlotte, NC",NFC,South,35.133300,-80.511002,1,35.133300,-80.511000,29
22601,2,CHI,NFL_CHI,Chicago Bears,"Chicago, IL",NFC,North,41.862300,-87.616699,1,41.862300,-87.616700,3
21203,2,CLE,NFL_CLE,Cleveland Browns,"Cleveland, OH",AFC,North,41.302200,-81.415802,1,41.302200,-81.415800,5
22501,2,DAL,NFL_DAL,Dallas Cowboys,"Arlington, TX",NFC,East,32.445200,-97.533997,0,32.837700,-96.782700,6
21401,2,DEN,NFL_DEN,Denver Broncos,"Denver, CO",AFC,West,39.443800,-105.112000,1,39.443800,-105.112000,7
22602,2,DET,NFL_DET,Detroit Lions,"Detroit, MI",NFC,North,42.202400,-83.244003,0,42.339200,-83.048600,8
22603,2,GB,NFL_GB,Green Bay Packers,"Green Bay, WI",NFC,North,44.305000,-88.344002,1,44.305000,-88.344000,9
21301,2,HOU,NFL_HOU,Houston Texans,"Houston, TX",AFC,South,9.415000,-95.243896,0,29.716200,-95.409300,34
21302,2,IND,NFL_IND,Indianapolis Colts,"Indianapolis, IN",AFC,South,39.453600,-86.949699,0,39.453600,-86.949700,11
21303,2,JAX,NFL_JAX,Jacksonville Jaguars,"Jacksonville, FL",AFC,South,30.192600,-81.381500,1,30.192600,-81.381500,30
21402,2,KC,NFL_KC,Kansas City Chiefs,"Kansas City, MO",AFC,West,39.256000,-94.292000,1,39.051000,-94.480000,12
21404,2,LAC,NFL_LAC,Los Angeles Chargers,"Inglewood, CA",AFC,West,33.953000,-118.338997,1,34.073600,-118.240000,24
22802,2,LAR,NFL_LAR,Los Angeles Rams,"Inglewood, CA",NFC,West,33.953000,-118.338997,0,34.073600,-118.240000,14
21403,2,LV,NFL_LV,Las Vegas Raiders,"Paradise, NV",AFC,West,36.052600,-115.112000,0,36.086000,-115.017000,13
21102,2,MIA,NFL_MIA,Miami Dolphins,"Miami, FL",AFC,East,25.958000,-80.239304,1,25.752500,-80.188100,15
22604,2,MIN,NFL_MIN,Minnesota Vikings,"Minneapolis, MN",NFC,North,44.974000,-93.258003,0,44.981700,-93.278300,16
21103,2,NE,NFL_NE,New England Patriots,"Foxborough, MA",AFC,East,42.091000,-71.264000,1,42.346200,-71.097700,17
22703,2,NO,NFL_NO,New Orleans Saints,"New Orleans, LA",NFC,South,29.573000,-90.452003,0,29.573000,-90.452000,18
22502,2,NYG,NFL_NYG,New York Giants,"East Rutherford, NJ",NFC,East,40.484900,-74.427696,1,40.722000,-74.010700,19
21104,2,NYJ,NFL_NYJ,New York Jets,"East Rutherford, NJ",AFC,East,40.484900,-74.427696,1,40.722000,-74.010700,20
22503,2,PHI,NFL_PHI,Philadelphia Eagles,"Philadelphia, PA",NFC,East,39.543000,-75.102997,1,39.905800,-75.166400,21
21204,2,PIT,NFL_PIT,Pittsburgh Steelers,"Pittsburgh, PA",AFC,North,40.264800,-80.056999,1,40.446900,-80.005800,23
22804,2,SEA,NFL_SEA,Seattle Seahawks,"Seattle, WA",NFC,West,47.595200,-122.332001,1,47.591000,-122.333000,26
22803,2,SF,NFL_SF,San Francisco 49ers,"Santa Clara, CA",NFC,West,37.403000,-121.970001,1,37.778600,-122.389000,25
22704,2,TB,NFL_TB,Tampa Bay Buccaneers,"Tampa, FL",NFC,South,27.583300,-82.301201,1,27.976000,-82.503300,27
21304,2,TEN,NFL_TEN,Tennessee Titans,"Nashville, TN",AFC,South,36.959000,-86.461700,1,36.959000,-86.461700,10
22504,2,WAS,NFL_WAS,Washington Commanders,"Landover, MD",NFC,East,38.542800,-76.515198,1,38.872800,-77.007500,28
32401,3,AHA,NHL_AHA,Anaheim Ducks,"Anaheim, CA",Western,Pacific,33.807800,-117.876999,0,34.073600,-118.240000,
31101,3,BOS,NHL_BOS,Boston Bruins,"Boston, MA",Eastern,Atlantic,42.366300,-71.062202,0,42.346200,-71.097700,
31102,3,BUF,NHL_BUF,Buffalo Sabres,"Buffalo, NY",Eastern,Atlantic,42.875000,-78.876404,0,42.774000,-78.787000,
31201,3,CAR,NHL_CAR,Carolina Hurricanes,"Raleigh, NC",Eastern,Metropolitan,35.803300,-78.721901,0,35.803300,-78.721900,
31202,3,CBJ,NHL_CBJ,Columbus Blue Jackets,"Columbus, OH",Eastern,Metropolitan,39.969300,-83.006104,0,39.969300,-83.006100,
32402,3,CGY,NHL_CGY,Calgary Flames,"Calgary, AB",Western,Pacific,51.037400,-114.052002,0,51.037400,-114.052000,
32301,3,CHI,NHL_CHI,Chicago Blackhawks,"Chicago, IL",Western,Central,41.880600,-87.674202,0,41.880600,-87.674200,
32302,3,COL,NHL_COL,Colorado Avalanche,"Denver, CO",Western,Central,39.748700,-105.008003,0,39.443800,-105.112000,
32303,3,DAL,NHL_DAL,Dallas Stars,"Dallas, TX",Western,Central,32.790600,-96.810303,0,32.837700,-96.782700,
31103,3,DET,NHL_DET,Detroit Red Wings,"Detroit, MI",Eastern,Atlantic,42.341100,-83.055000,0,42.339200,-83.048600,
32403,3,EDM,NHL_EDM,Edmonton Oilers,"Edmonton, AB",Western,Pacific,53.546900,-113.498001,0,53.546900,-113.498000,
31104,3,FLA,NHL_FLA,Florida Panthers,"Sunrise, FL",Eastern,Atlantic,26.158300,-80.325600,0,25.752500,-80.188100,
32404,3,LAK,NHL_LAK,Los Angeles Kings,"Los Angeles, CA",Western,Pacific,34.043100,-118.266998,0,34.073600,-118.240000,
32304,3,MIN,NHL_MIN,Minnesota Wild,"Saint Paul, MN",Western,Central,44.944700,-93.101097,0,44.981700,-93.278300,
31105,3,MTL,NHL_MTL,Montreal Canadiens,"Montreal, QC",Eastern,Atlantic,45.496100,-73.569397,0,45.496100,-73.569400,
31203,3,NJD,NHL_NJD,New Jersey Devils,"Newark, NJ",Eastern,Metropolitan,40.733600,-74.171097,0,40.722000,-74.010700,
32305,3,NSH,NHL_NSH,Nashville Predators,"Nashville, TN",Western,Central,36.159200,-86.778603,0,36.159200,-86.778600,
31204,3,NYI,NHL_NYI,New York Islanders,"Elmont, NY",Eastern,Metropolitan,40.712100,-73.727203,0,40.722000,-74.010700,
31205,3,NYR,NHL_NYR,New York Rangers,"New York, NY",Eastern,Metropolitan,40.750600,-73.993599,0,40.722000,-74.010700,
31106,3,OTT,NHL_OTT,Ottawa Senators,"Ottawa, ON",Eastern,Atlantic,45.296900,-75.926804,0,45.296900,-75.926800,
31206,3,PHI,NHL_PHI,Philadelphia Flyers,"Philadelphia, PA",Eastern,Metropolitan,39.901100,-75.171898,0,39.905800,-75.166400,
31207,3,PIT,NHL_PIT,Pittsburgh Penguins,"Pittsburgh, PA",Eastern,Metropolitan,40.439400,-79.989197,0,40.446900,-80.005800,
32406,3,SEA,NHL_SEA,Seattle Kraken,"Seattle, WA",Western,Pacific,47.622000,-122.353996,0,47.591000,-122.333000,
32405,3,SJS,NHL_SJS,San Jose Sharks,"San Jose, CA",Western,Pacific,37.332800,-121.901001,0,37.778600,-122.389000,
32306,3,STL,NHL_STL,St. Louis Blues,"St. Louis, MO",Western,Central,38.626700,-90.202499,0,38.622500,-90.193100,
31107,3,TBL,NHL_TBL,Tampa Bay Lightning,"Tampa, FL",Eastern,Atlantic,27.942700,-82.451797,0,27.976000,-82.503300,
31108,3,TOR,NHL_TOR,Toronto Maple Leafs,"Toronto, ON",Eastern,Atlantic,43.643300,-79.379204,0,43.641400,-79.389200,
32307,3,UTA,NHL_UTA,Utah Hockey Club,"Salt Lake City, UT",Western,Central,40.768400,-111.902000,0,40.759900,-111.849000,
32407,3,VAN,NHL_VAN,Vancouver Canucks,"Vancouver, BC",Western,Pacific,49.277800,-123.109001,0,49.277800,-123.109000,
32408,3,VGK,NHL_VGK,Vegas Golden Knights,"Paradise, NV",Western,Pacific,36.102800,-115.178001,0,36.086000,-115.017000,
32308,3,WPG,NHL_WPG,Winnipeg Jets,"Winnipeg, MB",Western,Central,49.892800,-97.143600,0,49.892800,-97.143600,
31208,3,WSH,NHL_WSH,Washington Capitals,"Washington, DC",Eastern,Metropolitan,38.898200,-77.020897,0,38.872800,-77.007500,
42601,4,ARI,MLB_ARI,Arizona Diamondbacks,"Phoenix, AZ",NL,West,33.445300,-112.067001,0,33.445300,-112.067000,
42401,4,ATL,MLB_ATL,Atlanta Braves,"Cumberland, GA",NL,East,33.890000,-84.468002,1,33.890000,-84.468000,
41101,4,BAL,MLB_BAL,Baltimore Orioles,"Baltimore, MD",AL,East,39.283900,-76.621696,1,38.872800,-77.007500,
41102,4,BOS,MLB_BOS,Boston Red Sox,"Boston, MA",AL,East,42.346200,-71.097702,1,42.346200,-71.097700,
42501,4,CHI,MLB_CHI,Chicago Cubs,"Chicago, IL",NL,Central,41.948100,-87.655602,1,41.948100,-87.655600,
42502,4,CIN,MLB_CIN,Cincinnati Reds,"Cincinnati, OH",NL,Central,39.097500,-84.506699,1,39.097500,-84.506700,
41202,4,CLE,MLB_CLE,Cleveland Guardians,"Cleveland, OH",AL,Central,41.495800,-81.685303,1,41.495800,-81.685300,
42602,4,COL,MLB_COL,Colorado Rockies,"Denver, CO",NL,West,39.756100,-104.994003,1,39.443800,-105.112000,
41203,4,DET,MLB_DET,Detroit Tigers,"Detroit, MI",AL,Central,42.339200,-83.048599,1,42.339200,-83.048600,
41301,4,HOU,MLB_HOU,Houston Astros,"Houston, TX",AL,West,29.756900,-95.355598,0,29.716200,-95.409300,
41204,4,KC,MLB_KC,Kansas City Royals,"Kansas City, MO",AL,Central,39.051000,-94.480003,1,39.051000,-94.480000,
41302,4,LAA,MLB_LAA,Los Angeles Angels,"Anaheim, CA",AL,West,33.800300,-117.883003,1,34.073600,-118.240000,
42603,4,LAD,MLB_LAD,Los Angeles Dodgers,"Los Angeles, CA",NL,West,34.073600,-118.239998,1,34.073600,-118.240000,
42402,4,MIA,MLB_MIA,Miami Marlins,"Miami, FL",NL,East,25.778100,-80.219704,0,25.752500,-80.188100,
42503,4,MIL,MLB_MIL,Milwaukee Brewers,"Milwaukee, WI",NL,Central,43.028300,-87.971100,0,43.028300,-87.971100,
41205,4,MIN,MLB_MIN,Minnesota Twins,"Minneapolis, MN",AL,Central,44.981700,-93.278297,1,44.981700,-93.278300,
42403,4,NYM,MLB_NYM,New York Mets,"New York, NY",NL,East,40.756900,-73.845802,1,40.722000,-74.010700,
41103,4,NYY,MLB_NYY,New York Yankees,"New York, NY",AL,East,40.829200,-73.926399,1,40.722000,-74.010700,
41303,4,OAK,MLB_OAK,Oakland Athletics,"Oakland, CA",AL,West,37.751700,-122.200996,1,37.778600,-122.389000,
42404,4,PHI,MLB_PHI,Philadelphia Phillies,"Philadelphia, PA",NL,East,39.905800,-75.166397,1,39.905800,-75.166400,
42504,4,PIT,MLB_PIT,Pittsburgh Pirates,"Pittsburgh, PA",NL,Central,40.446900,-80.005798,1,40.446900,-80.005800,
42604,4,SD,MLB_SD,San Diego Padres,"San Diego, CA",NL,West,32.707300,-117.156998,1,32.707300,-117.157000,
41304,4,SEA,MLB_SEA,Seattle Mariners,"Seattle, WA",AL,West,47.591000,-122.333000,0,47.591000,-122.333000,
42605,4,SF,MLB_SF,San Francisco Giants,"San Francisco, CA",NL,West,37.778600,-122.389000,1,37.778600,-122.389000,
41201,4,SOX,MLB_SOX,Chicago White Sox,"Chicago, IL",AL,Central,41.830000,-87.633904,1,41.830000,-87.633900,
42505,4,STL,MLB_STL,St. Louis Cardinals,"St. Louis, MO",NL,Central,38.622500,-90.193100,1,38.622500,-90.193100,
41104,4,TB,MLB_TB,Tampa Bay Rays,"St. Petersburg, FL",AL,East,27.768300,-82.653297,0,27.976000,-82.503300,
41305,4,TEX,MLB_TEX,Texas Rangers,"Arlington, TX",AL,West,32.747400,-97.084198,0,32.747400,-97.084200,
41105,4,TOR,MLB_TOR,Toronto Blue Jays,"Toronto, ON",AL,East,43.641400,-79.389198,0,43.641400,-79.389200,
42405,4,WSH,MLB_WSH,Washington Nationals,"Washington, DC",NL,East,38.872800,-77.007500,1,38.872800,-77.007500,
50801,5,AFA,CFB_AFA,Air Force,"Colorado Springs, CO",MTNW,,38.996900,-104.844002,1,39.443800,-105.112000,2005
50701,5,AKR,CFB_AKR,Akron,"Akron, OH",MAC,,41.072600,-81.508400,1,41.072600,-81.508400,2006
51101,5,APP,CFB_APP,Appalachian State,"Boone, NC",SUNB,,36.211500,-81.685501,1,36.211500,-81.685500,2026
51001,5,ARK,CFB_ARK,Arkansas,"Fayetteville, AR",SEC,,36.067900,-94.178802,1,36.067900,-94.178800,8
50101,5,ARMY,CFB_ARMY,Army,"West Point, NY",AAC,,41.387100,-73.964104,1,41.387100,-73.964100,349
51102,5,ARST,CFB_ARST,Arkansas State,"Jonesboro, AR",SUNB,,35.849000,-90.667702,1,35.849000,-90.667700,2032
51002,5,AUB,CFB_AUB,Auburn,"Auburn, AL",SEC,,32.602400,-85.488899,1,32.602400,-85.488900,2
50401,5,ARIZ,CFB_ARIZ,Arizona,"Tucson, AZ",B12,,32.228300,-110.948997,1,32.228300,-110.949000,12
50402,5,ASU,CFB_ASU,Arizona State,"Tempe, AZ",B12,,33.426400,-111.932999,1,33.445300,-112.067000,9
50702,5,BALL,CFB_BALL,Ball State,"Muncie, IN",MAC,,40.216000,-85.417702,1,40.216000,-85.417700,2050
51003,5,ALA,CFB_ALA,Alabama,"Tuscaloosa, AL",SEC,,33.207500,-87.550400,1,33.207500,-87.550400,333
50403,5,BAY,CFB_BAY,Baylor,"Waco, TX",B12,East,31.558700,-97.115601,1,31.558700,-97.115600,239
50201,5,BC,CFB_BC,Boston College,"Chestnut Hill, MA",ACC,,42.335100,-71.166496,1,42.346200,-71.097700,103
50703,5,BGSU,CFB_BGSU,Bowling Green,"Bowling Green, OH",MAC,,41.378100,-83.622498,1,41.378100,-83.622500,189
50802,5,BOIS,CFB_BOIS,Boise State,"Boise, ID",MTNW,,43.602700,-116.195999,1,43.602700,-116.196000,68
50704,5,BUFF,CFB_BUFF,Buffalo,"Orchard Park, NY",MAC,,42.999100,-78.777496,1,42.774000,-78.787000,2084
50404,5,BYU,CFB_BYU,BYU,"Provo, UT",B12,Central,40.257500,-111.653999,1,40.257500,-111.654000,252
50202,5,CAL,CFB_CAL,California,"Berkeley, CA",ACC,,37.870700,-122.250999,1,37.778600,-122.389000,25
51103,5,CCU,CFB_CCU,Coastal Carolina,"Conway, SC",SUNB,,33.792200,-79.017303,1,33.792200,-79.017300,324
50102,5,CHAR,CFB_CHAR,Charlotte,"Charlotte, NC",AAC,,35.310300,-80.740501,1,35.310300,-80.740500,2429
50405,5,CIN,CFB_CIN,Cincinnati,"Cincinnati, OH",B12,,39.131300,-84.516296,1,39.131300,-84.516300,2132
50203,5,CLEM,CFB_CLEM,Clemson,"Clemson, SC",ACC,,34.678700,-82.843201,1,34.678700,-82.843200,228
50705,5,CMU,CFB_CMU,Central Michigan,"Mount Pleasant, MI",MAC,,43.577600,-84.770798,1,43.577600,-84.770800,2117
50406,5,COLO,CFB_COLO,Colorado,"Boulder, CO",B12,Central,40.009400,-105.266998,1,39.443800,-105.112000,38
50601,5,CONN,CFB_CONN,Connecticut,"Storrs, CT",IND,,41.759900,-72.618896,1,41.759900,-72.618900,41
50803,5,CSU,CFB_CSU,Colorado State,"Fort Collins, CO",MTNW,Central,40.561700,-105.139999,1,39.443800,-105.112000,36
50204,5,DUKE,CFB_DUKE,Duke,"Durham, NC",ACC,,35.995300,-78.941704,1,35.803300,-78.721900,150
50103,5,ECU,CFB_ECU,East Carolina,"Greensville, NC",AAC,,35.596400,-77.365196,1,35.803300,-78.721900,151
50706,5,EMU,CFB_EMU,Eastern Michigan,"Ypsilanti, MI",MAC,,42.255800,-83.647797,1,42.339200,-83.048600,2199
50104,5,FAU,CFB_FAU,Florida Atlantic,"Boca Raton, FL",AAC,,26.375500,-80.101700,1,25.752500,-80.188100,2226
50501,5,FIU,CFB_FIU,Florida International,"Miami, FL",CUSA,,25.752500,-80.377899,1,25.752500,-80.188100,2229
51004,5,FLA,CFB_FLA,Florida,"Gainesville, FL",SEC,Central,29.649900,-82.348701,1,29.649900,-82.348700,57
50804,5,FRES,CFB_FRES,Fresno State,"Fresno, CA",MTNW,,36.814300,-119.758003,1,36.814300,-119.758000,278
50205,5,FSU,CFB_FSU,Florida State,"Tallahassee, FL",ACC,East,30.437500,-84.304497,1,30.437500,-84.304500,52
51015,5,UGA,CFB_UGA,Georgia,"Athens, GA",SEC,,33.949800,-83.373398,1,33.949800,-83.373400,61
51104,5,GASO,CFB_GASO,Georgia Southern,"Statesboro, GA",SUNB,,32.412200,-81.783203,1,32.412200,-81.783200,290
51105,5,GAST,CFB_GAST,Georgia State,"Atlanta, GA",SUNB,East,33.757600,-84.401100,1,33.772600,-84.392900,2247
50206,5,GT,CFB_GT,Georgia Tech,"Atlanta, GA",ACC,Central,33.772600,-84.392899,1,33.772600,-84.392900,59
50805,5,HAW,CFB_HAW,Hawaii,"Honolulu, HI",MTNW,,21.372800,-157.929993,1,21.372800,-157.930000,62
50414,5,HOU,CFB_HOU,Houston,"Houston, TX",B12,,29.721800,-95.349098,1,29.716200,-95.409300,248
50303,5,IOWA,CFB_IOWA,Iowa,"Iowa City, IA",B10,,41.658400,-91.551498,1,41.658400,-91.551500,2294
50407,5,ISU,CFB_ISU,Iowa State,"Ames, IA",B12,Central,42.014000,-93.635803,1,42.014000,-93.635800,66
50301,5,ILL,CFB_ILL,Illinois,"Champaign, IL",B10,East,40.099300,-88.236000,1,40.099300,-88.236000,356
50302,5,IND,CFB_IND,Indiana,"Bloomington, IN",B10,,39.180900,-86.525597,1,39.180900,-86.525600,84
51106,5,JMU,CFB_JMU,James Madison,"Harrisonburg, VA",SUNB,,38.435100,-78.873398,1,38.435100,-78.873400,256
50502,5,JVST,CFB_JVST,Jacksonville State,"Jacksonville, AL",CUSA,,32.329600,-90.179802,1,33.820800,-85.767500,55
50503,5,KENN,CFB_KENN,Kennesaw State,"Kennesaw, GA",CUSA,,34.023400,-84.615501,1,34.023400,-84.615500,338
50707,5,KENT,CFB_KENT,Kent State,"Kent, OH",MAC,,41.139100,-81.313400,1,41.139100,-81.313400,2309
50409,5,KU,CFB_KU,Kansas,"Lawrence, KS",B12,,38.962900,-95.246300,1,38.962900,-95.246300,2305
50408,5,KSU,CFB_KSU,Kansas State,"Manhattan, KS",B12,,39.201900,-96.593803,1,39.201900,-96.593800,2306
51005,5,UK,CFB_UK,Kentucky,"Lexington, KY",SEC,,38.022600,-84.505203,1,38.022600,-84.505200,96
51107,5,UL,CFB_UL,Louisiana,"Lafayette, LA",SUNB,,30.215800,-92.016296,1,30.215800,-92.016300,309
50505,5,LAT,CFB_LAT,Louisiana Tech,"Ruston, LA",CUSA,,32.532200,-92.655998,1,32.532200,-92.656000,2348
50504,5,LIB,CFB_LIB,Liberty,"Lynchburg, VA",CUSA,,37.354400,-79.175003,1,37.354400,-79.175000,2335
50207,5,LOU,CFB_LOU,Louisville,"Louisville, KY",ACC,Pacific,38.205400,-85.758102,1,38.205400,-85.758100,97
51006,5,LSU,CFB_LSU,LSU,"Baton Rouge, LA",SEC,East,30.412000,-91.183800,1,30.412000,-91.183800,99
50602,5,MASS,CFB_MASS,Massachusetts,"Amherst, MA",IND,,42.377500,-72.535599,1,42.377500,-72.535600,113
51108,5,MRSH,CFB_MRSH,Marshall,"Huntington, WV",SUNB,,38.424900,-82.421898,1,38.424900,-82.421900,276
50304,5,MD,CFB_MD,Maryland,"College Park, MD",B10,,38.991200,-76.947304,1,38.872800,-77.007500,120
50105,5,MEM,CFB_MEM,Memphis,"Memphis, TN",AAC,,35.120900,-89.978104,1,35.120900,-89.978100,235
50307,5,MICH,CFB_MICH,Michigan,"Ann Arbor, MI",B10,,42.265900,-83.748703,1,42.339200,-83.048600,130
50208,5,MIA,CFB_MIA,Miami (FL),"Miami, FL",ACC,,25.957900,-80.238800,1,25.752500,-80.188100,2390
50708,5,MIOH,CFB_MIOH,Miami (OH),"Oxford, OH",MAC,,39.519400,-84.733398,1,39.519400,-84.733400,193
50306,5,MSU,CFB_MSU,Michigan State,"East Lansing, MI",B10,,42.728200,-84.484901,1,42.728200,-84.484900,127
50305,5,MINN,CFB_MINN,Minnesota,"Minneapolis, MN",B10,,44.976500,-93.224602,1,44.981700,-93.278300,135
51007,5,MIZ,CFB_MIZ,Missouri,"Columbia, MO",SEC,Central,38.935900,-92.333099,1,38.935900,-92.333100,142
51010,5,MISS,CFB_MISS,Ole Miss,"Oxford, MS",SEC,,34.362200,-89.534103,1,34.362200,-89.534100,145
51008,5,MSST,CFB_MSST,Mississippi State,"Starkville, MS",SEC,Central,33.456200,-88.793404,1,33.456200,-88.793400,344
50506,5,MTSU,CFB_MTSU,Middle Tennessee State,"Murfreesboro, TN",CUSA,,35.851100,-86.368401,1,35.851100,-86.368400,2393
50106,5,NAVY,CFB_NAVY,Navy,"Annapolis, MD",AAC,,38.984800,-76.507103,1,38.872800,-77.007500,2426
50209,5,UNC,CFB_UNC,North Carolina,"Chapel Hill, NC",ACC,Central,35.907000,-79.047897,1,35.803300,-78.721900,153
50210,5,NCST,CFB_NCST,North Carolina State,"Raleigh, NC",ACC,Central,35.800800,-78.719498,1,35.803300,-78.721900,152
50603,5,ND,CFB_ND,Notre Dame,"South Bend, IN",IND,,41.698400,-86.233803,1,41.698400,-86.233800,87
50308,5,NEB,CFB_NEB,Nebraska,"Lincoln, NE",B10,,40.820500,-96.705704,1,40.820500,-96.705700,158
50709,5,NIU,CFB_NIU,Northern Illinois,"DeKalb, IL",MAC,,41.934000,-88.778198,1,41.934000,-88.778200,2459
50806,5,UNM,CFB_UNM,New Mexico,"Albuquerque, NM",MTNW,,32.279800,-106.740997,1,32.279800,-106.741000,167
50507,5,NMSU,CFB_NMSU,New Mexico State,"Las Cruces, NM",CUSA,,35.067600,-106.627998,1,31.773300,-106.508000,166
50107,5,UNT,CFB_UNT,North Texas,"Denton, TX",AAC,,33.203900,-97.159203,1,33.203900,-97.159200,249
50807,5,NEV,CFB_NEV,Nevada,"Reno, NV",MTNW,,39.546900,-119.818001,1,39.546900,-119.818000,2440
50309,5,NW,CFB_NW,Northwestern,"Evanston, IL",B10,,42.065400,-87.692497,1,42.065400,-87.692500,77
50710,5,OHIO,CFB_OHIO,Ohio,"Athens, OH",MAC,,39.321300,-82.103401,1,39.321300,-82.103400,195
50311,5,OSU,CFB_OSU,Ohio State,"Columbus, OH",B10,,40.001700,-83.019699,1,40.001700,-83.019700,194
51009,5,OU,CFB_OU,Oklahoma,"Norman, OK",SEC,Pacific,35.205900,-97.442596,1,35.205900,-97.442600,201
50410,5,OKST,CBB_OKST,Oklahoma State,"Stillwater, OK",B12,,36.125700,-97.066498,1,36.125700,-97.066500,197
51109,5,ODU,CFB_ODU,Old Dominion,"Norfolk, VA",SUNB,,36.888800,-76.305702,1,36.888800,-76.305700,295
50310,5,ORE,CFB_ORE,Oregon,"Eugene, OR",B10,,44.058300,-123.069000,1,44.058300,-123.069000,2483
50901,5,ORST,CFB_ORST,Oregon State,"Corvallis, OR",P12,,44.559500,-123.280998,1,44.559500,-123.281000,204
50211,5,PITT,CFB_PITT,Pitt,"Pittsburgh, PA",ACC,,40.446800,-80.015800,1,40.446900,-80.005800,221
50312,5,PSU,CFB_PSU,Penn State,"State College, PA",B10,,40.812200,-77.856201,1,40.812200,-77.856200,213
50313,5,PUR,CFB_PUR,Purdue,"West Lafayette, IN",B10,,40.434300,-86.918503,1,40.434300,-86.918500,2509
50108,5,RICE,CFB_RICE,Rice,"Houston, TX",AAC,,29.716200,-95.409302,1,29.716200,-95.409300,242
50314,5,RUTG,CFB_RUTG,Rutgers,"New Brunswick, NJ",B10,,40.513800,-74.464996,1,40.722000,-74.010700,164
50508,5,SHSU,CFB_SHSU,Sam Houston,"Huntsville, TX",CUSA,,30.713900,-95.541901,1,30.713900,-95.541900,2534
51011,5,SC,CFB_SC,South Carolina,"Columbia, SC",SEC,,33.972600,-81.020203,1,33.972600,-81.020200,2579
50808,5,SDSU,CFB_SDSU,San Diego State,"San Diego, CA",MTNW,,32.783100,-117.120003,1,32.707300,-117.157000,21
50809,5,SJSU,CFB_SJSU,San Jose State,"San Jose, CA",MTNW,,37.320100,-121.867996,1,37.778600,-122.389000,23
50212,5,SMU,CFB_SMU,SMU,"Dallas, TX",ACC,,32.837700,-96.782700,1,32.837700,-96.782700,2567
51110,5,USM,CFB_USM,Southern Mississippi,"Hattiesburg, MS",SUNB,,31.329000,-89.331299,1,31.329000,-89.331300,2572
50213,5,STAN,CFB_STAN,Stanford,"Stanford, CA",ACC,Central,37.434700,-122.161003,1,37.778600,-122.389000,24
50214,5,SYR,CFB_SYR,Syracuse,"Syracuse, NY",ACC,East,43.036100,-76.136497,1,43.036100,-76.136500,183
50000,5,TBD,CFB_TBD,Unknown School,,,,,,1,,,
50411,5,TCU,CFB_TCU,Texas Christian,"Fort Worth, TX",B12,,32.709900,-97.367996,1,32.709900,-97.368000,2628
50109,5,TEM,CFB_TEM,Temple,"Philadelphia, PA",AAC,,39.900700,-75.167503,1,39.905800,-75.166400,218
51012,5,TENN,CFB_TENN,Tennessee,"Knoxville, TN",SEC,,35.954700,-83.925301,1,35.954700,-83.925300,2633
50711,5,TOL,CFB_TOL,Toledo,"Toledo, OH",MAC,,41.657400,-83.613998,1,41.657400,-83.614000,2649
51111,5,TROY,CFB_TROY,Troy,"Troy, AL",SUNB,,31.799500,-85.952202,1,31.799500,-85.952200,2653
50110,5,TULN,CFB_TULN,Tulane,"New Orleans, LA",AAC,,29.945900,-90.115196,1,29.573000,-90.452000,2655
50111,5,TLSA,CFB_TLSA,Tulsa,"Tulsa, OK",AAC,,36.148900,-95.943604,1,36.148900,-95.943600,202
51013,5,TEX,CFB_TEX,Texas,"Austin, TX",SEC,,30.283600,-97.732300,1,30.283600,-97.732300,251
51014,5,TXAM,CFB_TXAM,Texas A&M,"College Station, TX",SEC,,30.610100,-96.340698,1,30.610100,-96.340700,245
51112,5,TXST,CFB_TXST,Texas State,"San Marcos, TX",SUNB,,29.891300,-97.925301,1,29.891300,-97.925300,326
50412,5,TTU,CFB_TTU,Texas Tech,"Lubbock, TX",B12,,33.591000,-101.873001,1,33.591000,-101.873000,2641
50112,5,UAB,CFB_UAB,UAB,"Birmingham, AL",AAC,,33.528000,-86.809196,1,33.528000,-86.809200,5
50413,5,UCF,CFB_UCF,UCF,"Orlando, FL",B12,,28.608000,-81.193001,1,28.608000,-81.193000,2116
50315,5,UCLA,CFB_UCLA,UCLA,"Los Angeles, CA",B10,,34.161600,-118.167999,1,34.073600,-118.240000,26
51113,5,ULM,CFB_ULM,Louisiana-Monroe,"Monroe, LA",SUNB,,32.531100,-92.066399,1,32.531100,-92.066400,2433
50810,5,UNLV,CFB_UNLV,Nevada-Las Vegas,"Las Vegas, NV",MTNW,,36.086000,-115.016998,1,36.086000,-115.017000,2439
51114,5,USA,CFB_USA,South Alabama,"Mobile, AL",SUNB,,30.674200,-88.075600,1,30.674200,-88.075600,6
50316,5,USC,CFB_USC,Southern California,"Los Angeles, CA",B10,,34.014000,-118.288002,1,34.073600,-118.240000,30
50113,5,USF,CFB_USF,South Florida,"Tampa, FL",AAC,,27.976000,-82.503304,1,27.976000,-82.503300,58
50415,5,UTAH,CFB_UTAH,Utah,"Salt Lake City, UT",B12,,40.759900,-111.848999,1,40.759900,-111.849000,254
50509,5,UTEP,CFB_UTEP,UTEP,"El Paso, TX",CUSA,,31.773300,-106.508003,1,31.773300,-106.508000,2638
50114,5,UTSA,CFB_UTSA,UTSA,"San Antonio, TX",AAC,,29.416900,-98.478897,1,29.416900,-98.478900,2636
50811,5,USU,CFB_USU,Utah State,"Logan, UT",MTNW,,41.751500,-111.811996,1,41.751500,-111.812000,328
50215,5,UVA,CFB_UVA,Virginia,"Charlottesville, VA",ACC,,38.031100,-78.513702,1,38.031100,-78.513700,258
51016,5,VAN,CFB_VAN,Vanderbilt,"Nashville, TN",SEC,,36.143600,-86.808800,1,36.143600,-86.808800,238
50216,5,VT,CFB_VT,Virginia Tech,"Blacksburg, VA",ACC,,37.220000,-80.418098,1,37.220000,-80.418100,259
50317,5,WASH,CFB_WASH,Washington,"Seattle, WA",B10,,47.650400,-122.303001,1,47.591000,-122.333000,264
50902,5,WSU,CFB_WSU,Washington State,"Pullman, WA",P12,,46.732000,-117.161003,1,46.732000,-117.161000,265
50217,5,WAKE,CFB_WAKE,Wake Forest,"Winston-Salem, NC",ACC,East,36.091800,-80.255302,1,36.091800,-80.255300,154
50318,5,WIS,CFB_WIS,Wisconsin,"Madison, WI",B10,,43.069900,-89.412804,1,43.069900,-89.412800,275
50510,5,WKU,CFB_WKU,Western Kentucky,"Bowling Green, KY",CUSA,Atlantic,36.984900,-86.459000,1,36.984900,-86.459000,98
50712,5,WMU,CFB_WMU,Western Michigan,"Kalamazoo, MI",MAC,,42.285800,-85.600998,1,42.285800,-85.601000,2711
50416,5,WVU,CFB_WVU,West Virginia,"Morgantown, WV",B12,,39.652200,-79.955200,1,39.652200,-79.955200,277
50812,5,WYO,CFB_WYO,Wyoming,"Laramie, WY",MTNW,,41.311900,-105.569000,1,41.311900,-105.569000,2751
62001,6,AF,CBB_AF,Air Force,"Colorado Springs, CO",MTNW,,38.996900,-104.844002,0,39.443800,-105.112000,
61701,6,AKR,CBB_AKR,Akron,"Akron, OH",MAC,,41.072600,-81.508400,0,41.072600,-81.508400,
60401,6,ALB,CBB_ALB,Albany (NY),"Albany, NY",AEC,,42.684000,-73.825500,0,42.684000,-73.825500,
62901,6,ALST,CBB_ALST,Alabama State,"Montgomery, AL",SWAC,,32.362400,-86.293900,0,32.362400,-86.293900,
60501,6,AP,CBB_AP,Austin Peay,"Clarksville, TN",ASUN,,36.535400,-87.352898,0,36.535400,-87.352900,
62801,6,APP,CBB_APP,Appalachian State,"Boone, NC",SUNB,,36.211500,-81.685501,0,36.211500,-81.685500,
62402,6,AR,CBB_AR,Arkansas,"Fayetteville, AR",SEC,,36.067900,-94.178802,0,36.067900,-94.178800,
62403,6,AUB,CBB_AUB,Auburn,"Auburn, AL",SEC,,32.602400,-85.488899,0,32.602400,-85.488900,
60701,6,AZ,CBB_AZ,Arizona,"Tucson, AZ",B12,,32.228300,-110.948997,0,32.228300,-110.949000,
60702,6,AZST,CBB_AZST,Arizona State,"Tempe, AZ",B12,,33.426400,-111.932999,0,33.445300,-112.067000,
61702,6,BALL,CBB_BALL,Ball State,"Muncie, IN",MAC,,40.216000,-85.417702,0,40.216000,-85.417700,
62401,6,BAMA,CBB_BAMA,Alabama,"Tuscaloosa, AL",SEC,,33.207500,-87.550400,0,33.207500,-87.550400,
60703,6,BAY,CBB_BAY,Baylor,"Waco, TX",B12,,31.558700,-97.115601,0,31.558700,-97.115600,
60301,6,BC,CBB_BC,Boston College,"Chestnut Hill, MA",ACC,,42.335100,-71.166496,0,42.346200,-71.097700,
61901,6,BEL,CBB_BEL,Belmont,"Nashville, TN",MVAL,Central,36.133100,-86.793503,0,36.133100,-86.793500,
62002,6,BOI,CBB_BOI,Boise State,"Boise, ID",MTNW,,43.602700,-116.195999,0,43.602700,-116.196000,
61902,6,BRAD,CBB_BRAD,Bradley,"Peoria, IL",MVAL,Southeast,40.697600,-89.615700,0,40.697600,-89.615700,
62301,6,BUCK,CBB_BUCK,Bucknell,"Lewisburg, PA",PAT,Atlantic,40.955500,-76.885498,0,40.955500,-76.885500,
61703,6,BUF,CBB_BUF,Buffalo,"Buffalo, NY",MAC,,42.999100,-78.777496,0,42.774000,-78.787000,
60801,6,BUT,CBB_BUT,Butler,"Indianapolis, IN",BEAST,,39.838700,-86.171600,0,39.838700,-86.171600,
60704,6,BYU,CBB_BYU,Brigham Young,"Provo, UT",B12,,40.257500,-111.653999,0,40.257500,-111.654000,
60302,6,CAL,CBB_CAL,California,"Berkeley, CA",ACC,,37.870700,-122.250999,0,37.778600,-122.389000,
62802,6,CC,CBB_CC,Coastal Carolina,"Conway, SC",SUNB,,33.792200,-79.017303,0,33.792200,-79.017300,
62101,6,CCST,CBB_CCST,Central Connecticut State,"New Britain, CT",NE,,41.692700,-72.764000,0,41.759900,-72.618900,
60201,6,CHAR,CBB_CHAR,Charlotte,"Charlotte, NC",AAC,,35.310300,-80.740501,0,35.310300,-80.740500,
62501,6,CHAT,CBB_CHAT,Chattanooga,"Chattanooga, TN",SO,Atlantic,35.045300,-85.294899,0,35.045300,-85.294900,
60705,6,CIN,CBB_CIN,Cincinnati,"Cincinnati, OH",B12,,39.131300,-84.516296,0,39.131300,-84.516300,
60303,6,CLEM,CBB_CLEM,Clemson,"Clemson, SC",ACC,,34.678700,-82.843201,0,34.678700,-82.843200,
61401,6,CLST,CBB_CLST,Cleveland State,"Cleveland, OH",HZ,,41.502900,-81.675102,0,41.502900,-81.675100,
61704,6,CMU,CBB_CMU,Central Michigan,"Mount Pleasant, MI",MAC,Pacific,43.582300,-84.776802,0,43.582300,-84.776800,
60706,6,CO,CBB_CO,Colorado,"Boulder, CO",B12,,40.009400,-105.266998,0,39.443800,-105.112000,
60802,6,CONN,CBB_CONN,Connecticut,"Storrs, CT",BEAST,,41.759900,-72.618896,0,41.759900,-72.618900,
61801,6,COP,CBB_COP,Coppin State,"Baltimore, MD",MEAC,,39.313400,-76.658096,0,38.872800,-77.007500,
61501,6,CORN,CBB_CORN,Cornell,"Ithaca, NY",IVY,,42.454200,-76.473297,0,42.454200,-76.473300,
62003,6,COST,CBB_COST,Colorado State,"Fort Collins, CO",MTNW,,40.561700,-105.139999,0,39.443800,-105.112000,
60803,6,CREI,CBB_CREI,Creighton,"Omaha, NE",BEAST,,41.265800,-95.945503,0,41.265800,-95.945500,
62902,6,CRNS,CBB_CRNS,Alcorn State,"Lorman, MS",SWAC,,31.874700,-91.134804,0,31.874700,-91.134800,
61101,6,CSFU,CBB_CSFU,Cal State Fullerton,"Fullerton, CA",BW,,33.881700,-117.885002,0,34.073600,-118.240000,
61102,6,CSNR,CBB_CSNR,Cal State Northridge,"Northridge, CA",BW,,34.240100,-118.530998,0,34.073600,-118.240000,
60101,6,DAVE,CBB_DAVE,Davidson,"Davidson, NC",A10,,35.499000,-80.841904,0,35.499000,-80.841900,
60102,6,DAY,CBB_DAY,Dayton,"Dayton, OH",A10,,39.739600,-84.178200,0,39.739600,-84.178200,
61201,6,DE,CBB_DE,Delaware,"Newark, DE",CAA,,39.680400,-75.752800,0,39.905800,-75.166400,
60804,6,DEPA,CBB_DEPA,DePaul,"Chicago, IL",BEAST,,41.877600,-87.627701,0,41.877600,-87.627700,
61402,6,DMER,CBB_DMER,Detroit Mercy,"Detroit, MI",HZ,,42.414200,-83.138100,0,42.339200,-83.048600,
61903,6,DRAK,CBB_DRAK,Drake,"Des Moines, IA",MVAL,Southeast,41.603100,-93.654800,0,41.603100,-93.654800,
60304,6,DUKE,CBB_DUKE,Duke,"Durham, NC",ACC,,35.995300,-78.941704,0,35.803300,-78.721900,
62201,6,EIL,CBB_EIL,Eastern Illinois,"Charleston, IL",OVAL,East,39.484000,-88.175499,0,39.484000,-88.175500,
60502,6,EKY,CBB_EKY,Eastern Kentucky,"Richmond, KY",ASUN,Pacific,37.735500,-84.299500,0,37.735500,-84.299500,
62502,6,ETST,CBB_ETST,East Tennessee State,"Johnson City, TN",SO,Atlantic,36.302200,-82.370300,0,36.302200,-82.370300,
61001,6,EWA,CBB_EWA,Eastern Washington,"Cheney, WA",BSKY,,47.490900,-117.584999,0,47.666100,-117.401000,
60202,6,FAU,CBB_FAU,Florida Atlantic,"Boca Raton, FL",AAC,,26.375500,-80.101700,0,25.752500,-80.188100,
62102,6,FDU,CBB_FDU,FDU,"Teaneck, NJ",NE,,40.898900,-74.028397,0,40.722000,-74.010700,
62404,6,FL,CBB_FL,Florida,"Gainesville, FL",SEC,,29.649900,-82.348701,0,29.649900,-82.348700,
62903,6,FLAM,CBB_FLAM,Florida A&M,"Tallahassee, FL",SWAC,,30.422000,-84.288200,0,30.437500,-84.304500,
60503,6,FLGC,CBB_FLGC,Florida Gulf Coast,"Fort Myers, FL",ASUN,,26.463300,-81.778702,0,25.752500,-80.188100,
62004,6,FRST,CBB_FRST,Fresno State,"Fresno, CA",MTNW,,36.814300,-119.758003,0,36.814300,-119.758000,
60305,6,FSU,CBB_FSU,Florida State,"Tallahassee, FL",ACC,,30.437500,-84.304497,0,30.437500,-84.304500,
62405,6,GA,CBB_GA,Georgia,"Athens, GA",SEC,,33.949800,-83.373398,0,33.949800,-83.373400,
62803,6,GAST,CBB_GAST,Georgia State,"Atlanta, GA",SUNB,,33.757600,-84.401100,0,33.772600,-84.392900,
61403,6,GB,CBB_GB,Green Bay,"Green Bay, WI",HZ,,44.305000,-88.344002,0,44.305000,-88.344000,
60103,6,GM,CBB_GM,George Mason,"Fairfax, VA",A10,,38.831700,-77.310402,0,38.872800,-77.007500,
63001,6,GONZ,CBB_GONZ,Gonzaga,"Spokane, WA",WC,,47.666100,-117.401001,0,47.666100,-117.401000,
60306,6,GT,CBB_GT,Georgia Tech,"Atlanta, GA",ACC,,33.772600,-84.392899,0,33.772600,-84.392900,
60805,6,GTWN,CBB_GT,Georgetown,"Washington, DC",BEAST,,33.772600,-84.392899,0,38.872800,-77.007500,
60104,6,GW,CBB_GW,George Washington,"Washington, DC",A10,,38.899500,-77.047600,0,38.872800,-77.007500,
61202,6,HAMP,CBB_HAMP,Hampton,"Hampton, VA",CAA,,37.023300,-76.333603,0,36.888800,-76.305700,
61502,6,HARV,CBB_HARV,Harvard,"Boston, MA",IVY,,42.374100,-71.116402,0,42.346200,-71.097700,
62302,6,HC,CBB_HC,Holy Cross,"Worcester, MA",PAT,Atlantic,42.239300,-71.809097,0,42.239300,-71.809100,
61103,6,HI,CBB_HI,Hawaii,"Honolulu, HI",BW,,21.372800,-157.929993,0,21.372800,-157.930000,
61203,6,HOF,CBB_HOF,Hofstra,"Hempstead, NY",CAA,,40.717300,-73.599297,0,40.722000,-74.010700,
60707,6,HOU,CBB_HOU,Houston,"Houston, TX",B12,,29.750800,-95.362198,0,29.716200,-95.409300,
60601,6,IA,CBB_IA,Iowa,"Iowa City, IA",B10,,41.658400,-91.551498,0,41.658400,-91.551500,
60708,6,IAST,CBB_IAST,Iowa State,"Ames, IA",B12,,42.014000,-93.635803,0,42.014000,-93.635800,
60602,6,IL,CBB_IL,Illinois,"Champaign, IL",B10,,40.099300,-88.236000,0,40.099300,-88.236000,
61404,6,ILCH,CBB_ILCH,Illinois-Chicago,"Chicago, IL",HZ,,41.868700,-87.647903,0,41.868700,-87.647900,
60603,6,IN,CBB_IN,Indiana,"Bloomington, IN",B10,,39.180900,-86.525597,0,39.180900,-86.525600,
61904,6,INST,CBB_INST,Indiana State,"Terre Haute, IN",MVAL,Southeast,39.471000,-87.408302,0,39.471000,-87.408300,
61601,6,IONA,CBB_IONA,Iona,"New Rochelle, NY",MAA,,40.927500,-73.785896,0,40.722000,-74.010700,
62904,6,JACK,CBB_JACK,Jackson State,"Jackson, MS",SWAC,,32.297300,-90.207100,0,32.297300,-90.207100,
62804,6,JMU,CBB_JMU,James Madison,"Harrisonburg, VA",SUNB,,38.435100,-78.873398,0,38.435100,-78.873400,
61705,6,KENT,CBB_KENT,Kent State,"Kent, OH",MAC,,41.139100,-81.313400,0,41.139100,-81.313400,
60709,6,KS,CBB_KS,Kansas,"Lawrence, KS",B12,,38.962900,-95.246300,0,38.962900,-95.246300,
60710,6,KSST,CBB_KSST,Kansas State,"Manhattan, KS",B12,,39.201900,-96.593803,0,39.201900,-96.593800,
62406,6,KY,CBB_KY,Kentucky,"Lexington, KY",SEC,,38.022600,-84.505203,0,38.022600,-84.505200,
62805,6,LA,CBB_LA,Louisiana,"Lafayette, LA",SUNB,,30.215800,-92.016296,0,30.215800,-92.016300,
62303,6,LAF,CBB_LAF,Lafayette,"Easton, PA",PAT,Atlantic,34.038900,-84.582100,0,34.038900,-84.582100,
62601,6,LAMR,CBB_LAMR,Lamar,"Beaumont, TX",SOLA,West,30.041800,-94.074799,0,30.041800,-94.074800,
60105,6,LASA,CBB_LASA,La Salle,"Philadelphia, PA",A10,,40.039000,-75.156403,0,39.905800,-75.166400,
61104,6,LBSU,CBB_LBSU,Long Beach State,"Long Beach, CA",BW,,33.783800,-118.113998,0,34.073600,-118.240000,
62304,6,LEHI,CBB_LEHI,Lehigh,"Bethlehem, PA",PAT,,40.605500,-75.377701,0,39.905800,-75.166400,
61301,6,LIB,CBB_LIB,Liberty,"Lynchburg, VA",CUSA,,37.354400,-79.175003,0,37.354400,-79.175000,
62103,6,LIU,CBB_LIU,Long Island University,"Brooklyn, NY",NE,,40.689900,-73.981400,0,40.722000,-74.010700,
60106,6,LOIL,CBB_LOIL,Loyola (IL),"Chicago, IL",A10,,41.999400,-87.655800,0,41.999400,-87.655800,
62305,6,LOMD,CBB_LOMD,Loyola (MD),"Baltimore, MD",PAT,,39.347200,-76.617203,0,38.872800,-77.007500,
60307,6,LOU,CBB_LOU,Louisville,"Louisville, KY",ACC,,38.205400,-85.758102,0,38.205400,-85.758100,
62407,6,LSU,CBB_LSU,Louisiana State,"Baton Rouge, LA",SEC,,30.412000,-91.183800,0,30.412000,-91.183800,
60112,6,MA,CBB_MA,Massachusetts,"Amherst, MA",A10,,42.377500,-72.535599,0,42.377500,-72.535600,
61602,6,MAN,CBB_MAN,Manhattan,"Riverdale, NY",MAA,,40.889400,-73.901802,0,40.722000,-74.010700,
60806,6,MARQ,CBB_MARQ,Marquette,"Milwaukee, WI",BEAST,,43.038700,-87.931297,0,43.038700,-87.931300,
62602,6,MCNE,CBB_MCNE,McNeese State,"Lake Charles, LA",SOLA,,30.177200,-93.215500,0,30.177200,-93.215500,
60604,6,MD,CBB_MD,Maryland,"College Park, MD",B10,,38.991200,-76.947304,0,38.872800,-77.007500,
60203,6,MEM,CBB_MEM,Memphis,"Memphis, TN",AAC,,35.120900,-89.978104,0,35.120900,-89.978100,
62503,6,MERC,CBB_MERC,Mercer,"Macon, GA",SO,Metropolitan,32.828300,-83.649200,0,32.828300,-83.649200,
60605,6,MI,CBB_MI,Michigan,"Ann Arbor, MI",B10,,42.265900,-83.748703,0,42.339200,-83.048600,
60314,6,MIA,CBB_MIA,Miami (FL),"Coral Gables, FL",ACC,,25.781400,-80.188103,0,25.752500,-80.188100,
61405,6,MILW,CBB_MILW,Milwaukee,"Milwaukee, WI",HZ,,43.078600,-87.882500,0,43.078600,-87.882500,
61706,6,MIOH,CBB_MIOH,Miami (OH),"Oxford, OH",MAC,,39.519400,-84.733398,0,39.519400,-84.733400,
60606,6,MIST,CBB_MIST,Michigan State,"East Lansing, MI",B10,,42.728200,-84.484901,0,42.728200,-84.484900,
60607,6,MN,CBB_MN,Minnesota,"Minneapolis, MN",B10,,44.976500,-93.224602,0,44.981700,-93.278300,
62408,6,MO,CBB_MO,Missouri,"Columbia, MO",SEC,,38.935900,-92.333099,0,38.935900,-92.333100,
61204,6,MON,CBB_MON,Monmouth,"West Long Branch, NJ",CAA,,40.279800,-74.005898,0,40.722000,-74.010700,
62202,6,MORE,CBB_MORE,Morehead State,"Morehead, KY",OVAL,Atlantic,38.188800,-83.431396,0,38.188800,-83.431400,
61802,6,MORG,CBB_MORG,Morgan State,"Baltimore, MD",MEAC,,39.343600,-76.584000,0,38.872800,-77.007500,
62306,6,MRCA,CBB_MRCA,American,"Washington, DC",PAT,,38.938300,-77.089996,0,38.872800,-77.007500,
62409,6,MS,CBB_MS,Ole Miss,"Oxford, MS",SEC,,34.362200,-89.534103,0,34.362200,-89.534100,
62410,6,MSST,CBB_MSST,Mississippi State,"Starkville, MS",SEC,,33.456200,-88.793404,0,33.456200,-88.793400,
61603,6,MSTM,CBB_MSTM,Mount St. Mary's,"Emmitsburg, MD",MAA,,39.679000,-77.347099,0,38.872800,-77.007500,
62905,6,MSVS,CBB_MSVS,Mississippi Valley State,"Itta Bena, MS",SWAC,,33.513200,-90.342796,0,33.513200,-90.342800,
61002,6,MT,CBB_MT,Montana,"Missoula, MT",BSKY,,46.862200,-113.986000,0,46.862200,-113.986000,
61302,6,MTST,CBB_MTST,Middle Tennessee,"Murfreesboro, TN",CUSA,,35.851100,-86.368401,0,35.851100,-86.368400,
61905,6,MURR,CBB_MURR,Murray State,"Murray, KY",MVAL,East,36.615900,-88.321297,0,36.615900,-88.321300,
61003,6,NAZ,CBB_NAZ,Northern Arizona,"Flagstaff, AZ",BSKY,,35.180200,-111.654999,0,35.180200,-111.655000,
60308,6,NC,CBB_NC,North Carolina,"Chapel Hill, NC",ACC,,35.907000,-79.047897,0,35.803300,-78.721900,
61803,6,NCAT,CBB_NCAT,North Carolina A&T,"Greensboro, NC",MEAC,Metropolitan,36.079000,-79.773697,0,35.803300,-78.721900,
61804,6,NCC,CBB_NCC,North Carolina Central,"Durham, NC",MEAC,Metropolitan,35.974800,-78.899300,0,35.803300,-78.721900,
60309,6,NCST,CBB_NCST,NC State,"Raleigh, NC",ACC,,35.800800,-78.719498,0,35.803300,-78.721900,
60310,6,ND,CBB_ND,Notre Dame,"South Bend, IN",ACC,,41.698400,-86.233803,0,41.698400,-86.233800,
62701,6,NDSU,CBB_NDSU,North Dakota State,"Fargo, ND",SUM,,46.895100,-96.802803,0,46.895100,-96.802800,
60608,6,NE,CBB_NE,Nebraska,"Lincoln, NE",B10,,42.091000,-71.264000,0,40.820400,-96.706900,
61906,6,NIA,CBB_NIA,Northern Iowa,"Cedar Falls, IA",MVAL,East,42.511100,-92.464897,0,42.511100,-92.464900,
61604,6,NIAG,CBB_NIAG,Niagara,"Niagara Falls, NY",MAA,Metropolitan,43.136800,-79.035599,0,42.774000,-78.787000,
62005,6,NM,CBB_NM,New Mexico,"Albuquerque, NM",MTNW,,32.279800,-106.740997,0,32.279800,-106.741000,
61303,6,NMST,CBB_NMST,New Mexico State,"Las Cruces, NM",CUSA,,35.067600,-106.627998,0,31.773300,-106.508000,
61205,6,NOEA,CBB_NE,Northeastern,"Boston, MA",CAA,,42.091000,-71.264000,0,42.346200,-71.097700,
61805,6,NRST,CBB_NRST,Norfolk State,"Norfolk, VA",MEAC,,36.848200,-76.262398,0,36.888800,-76.305700,
60204,6,NTX,CBB_NTX,North Texas,"Denton, TX",AAC,,33.203900,-97.159203,0,33.203900,-97.159200,
62006,6,NV,CBB_NV,Nevada,"Reno, NV",MTNW,,39.546900,-119.818001,0,39.546900,-119.818000,
60609,6,NW,CBB_NW,Northwestern,"Evanston, IL",B10,,42.065400,-87.692497,0,42.065400,-87.692500,
62603,6,NWST,CBB_NWST,Northwestern State,"Natchitoches, LA",SOLA,,31.748200,-93.098297,0,31.748200,-93.098300,
61406,6,OAK,CBB_OAK,Oakland,"Rochester, MI",HZ,,37.751700,-122.200996,0,42.339200,-83.048600,
61707,6,OH,CBB_OH,Ohio,"Athens, OH",MAC,,39.321300,-82.103401,0,39.321300,-82.103400,
60610,6,OHST,CBB_OHST,Ohio State,"Columbus, OH",B10,,40.001700,-83.019699,0,40.001700,-83.019700,
62411,6,OK,CBB_OK,Oklahoma,"Norman, OK",SEC,,35.205900,-97.442596,0,35.205900,-97.442600,
60711,6,OKST,CBB_OKST,Oklahoma State,"Stillwater, OK",B12,,36.125700,-97.066498,0,36.125700,-97.066500,
62806,6,OLD,CBB_OLD,Old Dominion,"Norfolk, VA",SUNB,,36.888800,-76.305702,0,36.888800,-76.305700,
60611,6,OR,CBB_OR,Oregon,"Eugene, OR",B10,,44.058300,-123.069000,0,44.058300,-123.069000,
62702,6,ORAL,CBB_ORAL,Oral Roberts,"Tulsa, OK",SUM,,36.049900,-95.952698,0,36.049900,-95.952700,
63002,6,ORST,CBB_ORST,Oregon State,"Corvallis, OR",WC,,44.559500,-123.280998,0,44.559500,-123.281000,
61503,6,PA,CBB_PA,Pennsylvania,"Philadelphia, PA",IVY,,39.952000,-75.194000,0,39.905800,-75.166400,
63003,6,PAC,CBB_PAC,Pacific,"Stockton, CA",WC,,37.979300,-121.313004,0,37.979300,-121.313000,
63004,6,PEP,CBB_PEP,Pepperdine,"Malibu, CA",WC,,34.041000,-118.709999,0,34.073600,-118.240000,
60311,6,PITT,CBB_PITT,Pittsburgh,"Pittsburgh, PA",ACC,,40.446800,-80.015800,0,40.446900,-80.005800,
61004,6,POST,CBB_POST,Portland State,"Portland, OR",BSKY,,45.510800,-122.683998,0,45.531700,-122.667000,
61504,6,PRIN,CBB_PRIN,Princeton,"Princeton, NJ",IVY,,40.341200,-74.655899,0,40.722000,-74.010700,
60807,6,PROV,CBB_PROV,Providence,"Providence, RI",BEAST,,41.822500,-71.413300,0,41.822500,-71.413300,
60612,6,PSU,CBB_PSU,Penn State,"State College, PA",B10,,40.812200,-77.856201,0,40.812200,-77.856200,
60613,6,PUR,CBB_PUR,Purdue,"West Lafayette, IN",B10,,40.434300,-86.918503,0,40.434300,-86.918500,
60901,6,RAD,CBB_RAD,Radford,"Radford, VA",BS,,37.138500,-80.551300,0,37.138500,-80.551300,
60107,6,RI,CBB_RI,Rhode Island,"Kingston, RI",A10,,41.485800,-71.530899,0,41.822500,-71.413300,
60205,6,RICE,CBB_RICE,Rice,"Houston, TX",AAC,,29.716200,-95.409302,0,29.716200,-95.409300,
60108,6,RICH,CBB_RICH,Richmond,"Richmond, VA",A10,,37.574900,-77.539902,0,37.544600,-77.432900,
61407,6,RM,CBB_RM,Robert Morris,"Pittsburgh, PA",HZ,,40.521700,-80.213699,0,40.521700,-80.213700,
60614,6,RUT,CBB_RUT,Rutgers,"New Brunswick, NJ",B10,,40.513800,-74.464996,0,40.722000,-74.010700,
61304,6,SAM,CBB_SAM,Sam Houston,"Huntsville, TX",CUSA,West,30.713900,-95.541901,0,30.713900,-95.541900,
62504,6,SAMF,CBB_SAMF,Samford,"Birmingham, AL",SO,,33.463900,-86.791100,0,33.463900,-86.791100,
60109,6,SBON,CBB_SBON,St. Bonaventure,"St. Bonaventure, NY",A10,,42.079300,-78.482803,0,42.079300,-78.482800,
62412,6,SC,CBB_SC,South Carolina,"Columbia, SC",SEC,,33.972600,-81.020203,0,33.972600,-81.020200,
61806,6,SCST,CBB_SCST,South Carolina State,"Orangeburg, SC",MEAC,Central,33.498100,-80.850197,0,33.498100,-80.850200,
63005,6,SD,CBB_SD,San Diego,"San Diego, CA",WC,,32.707300,-117.156998,0,32.707300,-117.157000,
62007,6,SDST,CBB_SDST,San Diego State,"San Diego, CA",MTNW,,32.783100,-117.120003,0,32.707300,-117.157000,
62703,6,SDSU,CBB_SDSU,South Dakota State,"Brookings, SD",SUM,,32.783100,-117.120003,0,44.320000,-96.780000,
62203,6,SEMO,CBB_SEMO,Southeast Missouri State,"Cape Girardeau, MO",OVAL,Atlantic,37.314300,-89.528099,0,37.314300,-89.528100,
60808,6,SETH,CBB_SETH,Seton Hall,"South Orange, NJ",BEAST,,40.743100,-74.246803,0,40.722000,-74.010700,
62604,6,SFA,CBB_SFA,Stephen F. Austin,"Nacogdoches, TX",SOLA,,31.621700,-94.647003,0,31.621700,-94.647000,
61605,6,SIEN,CBB_SIEN,Siena,"Loudonville, NY",MAA,Metropolitan,42.718100,-73.752602,0,40.722000,-74.010700,
60110,6,SJ,CBB_SJ,Saint Joseph's,"Philadelphia, PA",A10,,39.995200,-75.241096,0,39.905800,-75.166400,
60809,6,SJON,CBB_SJON,St. John's (NY),"Queens, NY",BEAST,,40.721400,-73.796997,0,40.722000,-74.010700,
60111,6,SL,CBB_SL,Saint Louis,"St. Louis, MO",A10,,38.636100,-90.234802,0,38.622500,-90.193100,
63006,6,SMCA,CBB_SMCA,Saint Mary's (CA),"Moraga, CA",WC,,37.841300,-122.109001,0,37.778600,-122.389000,
60206,6,SMU,CBB_SOME,Southern Methodist,"Dallas, TX",AAC,,32.840200,-96.781601,0,32.837700,-96.782700,
62906,6,SO,CBB_SO,Southern,"Baton Rouge, LA",SWAC,,30.525500,-91.192101,0,30.412000,-91.183800,
61907,6,SOIL,CBB_SOIL,Southern Illinois,"Carbondale, IL",MVAL,East,37.706500,-89.223000,0,37.706500,-89.223000,
62807,6,SOMS,CBB_SOMS,Southern Mississippi,"Hattiesburg, MS",SUNB,,31.329000,-89.331299,0,31.329000,-89.331300,
61606,6,SP,CBB_SP,Saint Peter's,"Jersey City, NJ",MAA,,40.727300,-74.070198,0,40.722000,-74.010700,
60312,6,STAN,CBB_STAN,Stanford,"Stanford, CA",ACC,,37.434700,-122.161003,0,37.778600,-122.389000,
60313,6,SYR,CBB_SYR,Syracuse,"Syracuse, NY",ACC,,43.036100,-76.136497,0,43.036100,-76.136500,
62605,6,TACC,CBB_TACC,Texas A&M-Corpus Christi,"Corpus Christi, TX",SOLA,,27.713100,-97.326401,0,27.713100,-97.326400,
60000,6,TBD,CBB_TBD,Unknown School,,,,,,0,,,
60712,6,TCU,CBB_TCU,TCU,"Fort Worth, TX",B12,,32.709900,-97.367996,0,32.709900,-97.368000,
60207,6,TEMP,CBB_TEMP,Temple,"Philadelphia, PA",AAC,,39.900700,-75.167503,0,39.905800,-75.166400,
62413,6,TN,CBB_TN,Tennessee,"Knoxville, TN",SEC,,35.954700,-83.925301,0,35.954700,-83.925300,
62808,6,TROY,CBB_TROY,Troy,"Troy, AL",SUNB,,31.799500,-85.952202,0,31.799500,-85.952200,
60208,6,TULS,CBB_TULS,Tulsa,"Tulsa, OK",AAC,,36.148900,-95.943604,0,36.148900,-95.943600,
62414,6,TX,CBB_TX,Texas,"Austin, TX",SEC,,30.283600,-97.732300,0,30.283600,-97.732300,
62415,6,TXAM,CBB_TXAM,Texas A&M,"College Station, TX",SEC,,30.610100,-96.340698,0,30.610100,-96.340700,
62907,6,TXSO,CBB_TXSO,Texas Southern,"Houston, TX",SWAC,,29.721100,-95.359596,0,29.716200,-95.409300,
60713,6,TXTC,CBB_TXTC,Texas Tech,"Lubbock, TX",B12,,33.591000,-101.873001,0,33.591000,-101.873000,
60209,6,UAB,CBB_UAB,UAB,"Birmingham, AL",AAC,,33.528000,-86.809196,0,33.528000,-86.809200,
60714,6,UCF,CBB_UCF,UCF,"Orlando, FL",B12,,28.608000,-81.193001,0,28.608000,-81.193000,
60615,6,UCLA,CBB_UCLA,UCLA,"Los Angeles, CA",B10,,34.161600,-118.167999,0,34.073600,-118.240000,
60402,6,UMBC,CBB_UMBC,Maryland-Baltimore County,"Baltimore, MD",AEC,,39.255700,-76.711197,0,38.872800,-77.007500,
62704,6,UND,CBB_UND,North Dakota,"Grand Forks, ND",SUM,,47.922300,-97.077103,0,47.922300,-97.077100,
62008,6,UNLV,CBB_UNLV,Nevada-Las Vegas,"Las Vegas, NV",MTNW,,36.086000,-115.016998,0,36.086000,-115.017000,
62809,6,USA,CBB_USA,South Alabama,"Mobile, AL",SUNB,,30.674200,-88.075600,0,30.674200,-88.075600,
60616,6,USC,CBB_USC,Southern California,"Los Angeles, CA",B10,,34.014000,-118.288002,0,34.073600,-118.240000,
62705,6,USD,CBB_USD,South Dakota,"Vermillion, SD",SUM,,42.790300,-96.926102,0,42.790300,-96.926100,
60210,6,USF,CBB_USF,South Florida,"Tampa, FL",AAC,,27.976000,-82.503304,0,27.976000,-82.503300,
60715,6,UT,CBB_UT,Utah,"Salt Lake City, UT",B12,,40.759900,-111.848999,0,40.759900,-111.849000,
61305,6,UTEP,CBB_UTEP,UTEP,"El Paso, TX",CUSA,,31.773300,-106.508003,0,31.773300,-106.508000,
60211,6,UTSA,CBB_UTSA,UTSA,"San Antonio, TX",AAC,,29.416900,-98.478897,0,29.416900,-98.478900,
62009,6,UTST,CBB_UTST,Utah State,"Logan, UT",MTNW,,41.751500,-111.811996,0,41.751500,-111.812000,
60315,6,VA,CBB_VA,Virginia,"Charlottesville, VA",ACC,,38.031100,-78.513702,0,38.031100,-78.513700,
61908,6,VALP,CBB_VALP,Valparaiso,"Valparaiso, IN",MVAL,South,41.464300,-87.044197,0,41.464300,-87.044200,
62416,6,VAND,CBB_VAND,Vanderbilt,"Nashville, TN",SEC,,36.143600,-86.808800,0,36.143600,-86.808800,
60316,6,VATC,CBB_VATC,Virginia Tech,"Blacksburg, VA",ACC,,37.220000,-80.418098,0,37.220000,-80.418100,
60113,6,VCU,CBB_VCU,Virginia Commonwealth,"Richmond, VA",A10,,37.544600,-77.432899,0,37.544600,-77.432900,
60810,6,VILL,CBB_VILL,Villanova,"Villanova, PA",BEAST,,40.036800,-75.343002,0,39.905800,-75.166400,
60403,6,VT,CBB_VT,Vermont,"Burlington, VT",AEC,,44.477600,-73.197098,0,44.477600,-73.197100,
60617,6,WA,CBB_WA,Washington,"Seattle, WA",B10,,47.650400,-122.303001,0,47.591000,-122.333000,
62104,6,WAG,CBB_WAG,Wagner,"Staten Island, NY",NE,,40.614200,-74.094101,0,40.722000,-74.010700,
63007,6,WAST,CBB_WAST,Washington State,"Pullman, WA",WC,,46.732000,-117.161003,0,46.732000,-117.161000,
61005,6,WEB,CBB_WEB,Weber State,"Ogden, UT",BSKY,,41.190700,-111.944000,0,41.190700,-111.944000,
60317,6,WF,CBB_WF,Wake Forest,"Winston-Salem, NC",ACC,,36.091800,-80.255302,0,36.091800,-80.255300,
60618,6,WI,CBB_WI,Wisconsin,"Madison, WI",B10,,43.069900,-89.412804,0,43.069900,-89.412800,
60212,6,WICH,CBB_WICH,Wichita State,"Wichita, KS",AAC,,37.719000,-97.291199,0,37.719000,-97.291200,
60902,6,WIN,CBB_WIN,Winthrop,"Rock Hill, SC",BS,,34.938900,-81.032600,0,34.938900,-81.032600,
61306,6,WKY,CBB_WKY,Western Kentucky,"Bowling Green, KY",CUSA,,36.984900,-86.459000,0,36.984900,-86.459000,
61708,6,WMI,CBB_WMI,Western Michigan,"Kalamazoo, MI",MAC,West,42.285800,-85.600998,0,42.285800,-85.601000,
62505,6,WOFF,CBB_WOFF,Wofford,"Spartanburg, SC",SO,,34.958700,-81.935303,0,34.958700,-81.935300,
61408,6,WST,CBB_WST,Wright State,"Dayton, OH",HZ,,39.779400,-84.066002,0,39.779400,-84.066000,
60716,6,WV,CBB_WV,West Virginia,"Morgantown, WV",B12,,39.652200,-79.955200,0,39.652200,-79.955200,
62010,6,WY,CBB_WY,Wyoming,"Laramie, WY",MTNW,,41.311900,-105.569000,0,41.311900,-105.569000,
60811,6,X,CBB_X,Xavier,"Cincinnati, OH",BEAST,,39.149200,-84.473999,0,39.149200,-84.474000,
61505,6,YALE,CBB_YALE,Yale,"New Haven, CT",IVY,,41.316000,-72.922302,0,41.759900,-72.618900,
